ts,symbol,price,score,netflow,inflow,outflow,whales
1790671271,LINK,15.142,40.8,3024391.68,34011912.34,37036304.01,5
1790671271,WLD,0.498,3.3,120453.24,4001934.09,4122387.33,5
1790671271,ENA,0.2511,100.0,4375834.84,15071683.32,19447518.16,5
1790671271,FET,0.2282,-11.8,-147352.84,3651469.16,3504116.33,5
1790675847,LINK,15.479,27.7,2050562.29,36253600.47,38304162.76,5
1790675847,UNI,9.064,100.0,5004018.81,13747438.54,18751457.35,5
1790675847,WLD,0.499,14.1,492532.08,3453085.17,3945617.25,4
1790675847,ENA,0.2527,-14.9,-434783.1,14982258.06,14547474.96,5
1790675847,ONDO,0.525,-100.0,-20950503.74,40530074.57,19579570.83,5
1790675847,AAVE,165.51,-100.0,-2762669.4,16710011.96,13947342.56,5
1790675847,PEPE,4.28e-06,47.6,744942.03,5013569.38,5758511.42,5
1790675847,FET,0.2313,-12.8,-154682.77,3581973.81,3427291.04,5
