ts,symbol,side,market,outcome,tp2_hit,pnl,r,exit_ts
1790660810,CRCLB,long,crypto,SL,False,-2.3552,-1.0425,1790710200
1790662166,CRCLB,long,crypto,SL,False,-1.9767,-1.0506,1790694900
1790663723,CRCLB,long,crypto,SL,False,-2.3719,-1.0422,1790694900
1790665663,CRCLB,long,crypto,SL,False,-2.4922,-1.0401,1790694900
1790668352,CRCLB,long,crypto,SL,False,-2.7882,-1.0359,1790694900
1790660810,UNI,long,crypto,TP,False,4.1788,0.9282,1790920010
1790662166,UNI,long,crypto,TP,False,3.175,0.3223,1790738100
1790663723,UNI,long,crypto,TP,False,3.1041,0.3087,1790738100
1790664307,UNI,long,crypto,TP,False,3.175,0.3208,1790738100
1790671132,UNI,long,crypto,OPEN,False,-2.5075,0.1541,1790930332
1790660810,DASH,long,crypto,OPEN,False,1.6218,0.0311,1790920010
1790662166,DASH,long,crypto,OPEN,False,0.2987,-0.0452,1790921366
1790663723,DASH,long,crypto,OPEN,False,-0.265,-0.0837,1790922923
1790664307,DASH,long,crypto,OPEN,False,-0.3975,-0.1127,1790923507
1790665663,DASH,long,crypto,OPEN,False,-1.2299,-1.0201,1790873100
1790668352,DASH,long,crypto,OPEN,False,-0.7032,-0.379,1790927552
1790670372,DASH,long,crypto,OPEN,False,-1.7236,-1.018,1790866800
1790671132,DASH,long,crypto,OPEN,False,-0.6075,-1.021,1790873100
1790671307,DASH,long,crypto,OPEN,False,-0.8841,-1.0204,1790866800
1790660810,SOL,long,crypto,TP,False,1.7906,0.3977,1790700300
1790660810,FET,long,crypto,TP,False,5.4776,0.5419,1790699400
1790662166,FET,long,crypto,TP,False,4.4843,0.3685,1790694900
1790670372,FET,short,crypto,NOFILL,False,0.0,,1790713572
1790660810,TRX,long,crypto,OPEN,False,0.9871,2.1163,1790766000
1790662166,TRX,long,crypto,OPEN,False,0.7469,2.4554,1790766000
1790663723,TRX,long,crypto,OPEN,False,0.7766,2.2165,1790766000
1790664307,TRX,long,crypto,OPEN,False,0.7764,2.0265,1790766000
1790665663,TRX,long,crypto,TP,False,0.8192,1.7146,1790766000
1790670372,TRX,short,crypto,NOFILL,False,0.0,,1790713572
1790671307,TRX,short,crypto,NOFILL,False,0.0,,1790714507
1790660810,NMR,long,crypto,OPEN,False,-17.234,-0.6237,1790920010
1790663723,NMR,short,crypto,OPEN,False,8.7191,1.3352,1790922923
1790664307,NMR,short,crypto,OPEN,False,8.5847,1.2648,1790923507
1790670372,NMR,long,crypto,NOFILL,False,0.0,,1790713572
1790671132,NMR,long,crypto,NOFILL,False,0.0,,1790714332
1790671307,NMR,long,crypto,NOFILL,False,0.0,,1790714507
1790660810,SPCXB,long,crypto,TP,True,1.018,0.6534,1790682300
1790662166,SPCXB,long,crypto,TP,False,0.769,0.2397,1790688600
1790663723,SPCXB,long,crypto,TP,False,0.5556,0.2117,1790688600
1790664307,SPCXB,long,crypto,TP,False,0.4733,0.1475,1790688600
1790665663,SPCXB,long,crypto,TP,False,0.4733,0.147,1790688600
1790668352,SPCXB,long,crypto,TP,False,0.4664,0.1413,1790688600
1790660810,ETH,long,crypto,TP,True,1.9716,1.2045,1790667000
1790663723,ETH,short,crypto,SL,False,-1.4649,-1.0683,1790682300
1790664307,ETH,short,crypto,SL,False,-1.3936,-1.0718,1790682300
1790665663,ETH,long,crypto,TP,False,1.1209,0.2896,1790692200
1790670372,ETH,long,crypto,SL,False,-1.5434,-1.0648,1790694900
1790671307,ETH,long,crypto,SL,False,-1.3184,-1.0759,1790748000
1790660810,BTC,long,crypto,TP,True,1.26,0.837,1790669700
1790668352,BTC,long,crypto,SL,False,-1.3029,-1.0768,1790694900
1790660810,SUI,short,crypto,SL,False,-5.3804,-1.0186,1790681400
1790662166,SUI,short,crypto,SL,False,-4.7183,-1.0212,1790681400
1790665663,SUI,short,crypto,OPEN,False,-0.8411,-1.0179,1790773200
1790668352,SUI,short,crypto,OPEN,False,-1.145,-1.0216,1790773200
1790670372,SUI,short,crypto,OPEN,False,-0.4414,-1.0239,1790773200
1790671132,SUI,short,crypto,OPEN,False,-0.9013,-1.0187,1790773200
1790671307,SUI,short,crypto,OPEN,False,-0.7514,-1.0193,1790773200
1790660810,ALGO,short,crypto,OPEN,False,8.8905,0.9795,1790920010
1790670372,ALGO,long,crypto,NOFILL,False,0.0,,1790713572
1790671132,ALGO,long,crypto,NOFILL,False,0.0,,1790714332
1790671307,ALGO,long,crypto,NOFILL,False,0.0,,1790714507
1790660810,HBAR,short,crypto,OPEN,False,12.163,1.0168,1790920010
1790662166,HBAR,short,crypto,OPEN,False,13.3027,1.1326,1790921366
1790663723,HBAR,short,crypto,OPEN,False,10.5689,2.3293,1790922923
1790664307,HBAR,short,crypto,OPEN,False,11.2289,0.8652,1790923507
1790665663,HBAR,short,crypto,OPEN,False,10.7461,0.8693,1790924863
1790668352,HBAR,short,crypto,OPEN,False,9.4649,2.1411,1790927552
1790670372,HBAR,short,crypto,NOFILL,False,0.0,,1790713572
1790671132,HBAR,short,crypto,NOFILL,False,0.0,,1790714332
1790671307,HBAR,short,crypto,NOFILL,False,0.0,,1790714507
1790660810,SEI,short,crypto,OPEN,False,-0.6494,0.5316,1790920010
1790662166,SEI,short,crypto,OPEN,False,0.5497,0.6894,1790921366
1790663723,SEI,short,crypto,OPEN,False,0.6018,0.8096,1790922923
1790664307,SEI,short,crypto,OPEN,False,1.3374,0.8828,1790923507
1790665663,SEI,short,crypto,OPEN,False,1.6822,0.659,1790924863
1790668352,SEI,short,crypto,OPEN,False,1.0401,0.6746,1790927552
1790660810,BABY,short,crypto,SL,False,-5.2505,-1.019,1790684100
1790662166,BABY,short,crypto,SL,False,-3.9449,-1.0253,1790683200
1790665663,BABY,long,crypto,TP,False,8.5728,0.8983,1790848800
1790671307,BABY,long,crypto,TP,False,8.5728,1.1285,1790848800
1790660810,LINK,short,crypto,SL,False,-4.6952,-1.0213,1790675100
1790662166,LINK,short,crypto,SL,False,-3.6028,-1.0278,1790675100
1790663723,LINK,short,crypto,SL,False,-3.4146,-1.0293,1790675100
1790664307,LINK,short,crypto,SL,False,-3.2456,-1.0308,1790675100
1790665663,LINK,long,crypto,TP,False,2.7463,0.1189,1790690400
1790670372,LINK,long,crypto,NOFILL,False,0.0,,1790713572
1790660810,ENA,short,crypto,OPEN,False,1.7914,-1.0152,1790773200
1790665663,ENA,short,crypto,OPEN,False,2.8911,-1.0164,1790773200
1790668352,ENA,short,crypto,OPEN,False,1.5452,-1.0163,1790773200
1790670372,ENA,long,crypto,NOFILL,False,0.0,,1790713572
1790671132,ENA,short,crypto,OPEN,False,0.4872,-1.0235,1790773200
1790671307,ENA,short,crypto,OPEN,False,0.4872,-1.0235,1790773200
1790660810,XLM,short,crypto,SL,False,-3.528,-1.0283,1790667000
1790660810,MUBARAK,short,crypto,OPEN,False,3.6905,-0.7707,1790920010
1790664307,MUBARAK,short,crypto,OPEN,False,4.6553,-0.334,1790923507
1790665663,MUBARAK,short,crypto,OPEN,False,7.1261,-0.0024,1790924863
1790668352,MUBARAK,short,crypto,OPEN,False,5.4007,-0.1592,1790927552
1790670372,MUBARAK,short,crypto,OPEN,False,6.2246,-1.0118,1790920800
1790671132,MUBARAK,short,crypto,NOFILL,False,0.0,,1790714332
1790671307,MUBARAK,short,crypto,OPEN,False,5.4084,-1.0115,1790920800
1790660810,BNB,short,crypto,SL,False,-1.2176,-1.0821,1790665200
1790662166,BNB,long,crypto,OPEN,False,0.0145,1.1703,1790916300
1790663723,BNB,long,crypto,OPEN,False,-0.5229,0.1673,1790840700
1790664307,BNB,long,crypto,OPEN,False,-0.8042,0.1483,1790778600
1790668352,BNB,long,crypto,SL,False,-1.3251,-1.0755,1790694900
1790670372,BNB,long,crypto,SL,False,-1.5144,-1.066,1790694900
1790671132,BNB,long,crypto,SL,False,-1.2027,-1.0831,1790694900
1790671307,BNB,long,crypto,SL,False,-1.2014,-1.0832,1790694900
1790662166,ARB,long,crypto,TP,True,8.0246,0.6825,1790684100
1790663723,ARB,long,crypto,TP,True,7.434,0.5843,1790684100
1790664307,ARB,long,crypto,TP,True,7.7016,0.6261,1790684100
1790665663,ARB,long,crypto,TP,True,7.434,0.5824,1790684100
1790668352,ARB,long,crypto,TP,True,5.9075,0.6943,1790684100
1790671132,ARB,long,crypto,NOFILL,False,0.0,,1790714332
1790671307,ARB,long,crypto,NOFILL,False,0.0,,1790714507
1790662166,WLD,long,crypto,TP,False,5.3428,0.3708,1790703900
1790663723,WLD,long,crypto,TP,False,4.9323,0.3218,1790700300
1790664307,WLD,long,crypto,TP,False,4.9969,0.3287,1790700300
1790662166,QNT,long,crypto,TP,False,7.718,0.1165,1790693100
1790663723,QNT,long,crypto,TP,False,15.713,0.2202,1790883900
1790664307,QNT,long,crypto,TP,False,15.9443,0.2243,1790890200
1790668352,QNT,long,crypto,TP,False,14.0699,0.1978,1790883000
1790670372,QNT,long,crypto,NOFILL,False,0.0,,1790713572
1790671132,QNT,long,crypto,NOFILL,False,0.0,,1790714332
1790671307,QNT,long,crypto,NOFILL,False,0.0,,1790714507
1790662166,ADA,short,crypto,OPEN,False,1.0134,-1.0301,1790772300
1790663723,ADA,short,crypto,OPEN,False,1.5751,-1.0335,1790772300
1790664307,ADA,short,crypto,OPEN,False,1.8998,-1.0326,1790772300
1790665663,ADA,short,crypto,OPEN,False,2.8101,-0.5439,1790924863
1790668352,ADA,short,crypto,TP,False,1.5507,0.207,1790771400
1790671132,ADA,short,crypto,TP,False,1.5507,0.215,1790771400
1790671307,ADA,short,crypto,TP,False,1.5898,0.224,1790771400
1790662166,ONDO,short,crypto,OPEN,False,2.0432,0.1634,1790921366
1790663723,ONDO,short,crypto,OPEN,False,2.7546,0.1944,1790922923
1790664307,ONDO,short,crypto,OPEN,False,3.5535,0.3168,1790923507
1790665663,ONDO,short,crypto,OPEN,False,4.7911,0.5073,1790924863
1790668352,ONDO,short,crypto,OPEN,False,4.851,0.5272,1790927552
1790670372,ONDO,short,crypto,OPEN,False,5.6561,0.5945,1790929572
1790671132,ONDO,short,crypto,OPEN,False,4.7934,0.8887,1790935200
1790671307,ONDO,short,crypto,OPEN,False,4.7934,0.8887,1790935200
1790662166,GRAM,short,crypto,OPEN,False,4.8656,0.176,1790921366
1790663723,GRAM,short,crypto,OPEN,False,6.2897,0.3318,1790922923
1790664307,GRAM,short,crypto,OPEN,False,6.5438,0.2234,1790923507
1790665663,GRAM,short,crypto,OPEN,False,6.7679,0.3611,1790924863
1790668352,GRAM,short,crypto,OPEN,False,6.7253,0.6462,1790927552
1790670372,GRAM,long,crypto,NOFILL,False,0.0,,1790713572
1790671132,GRAM,short,crypto,OPEN,False,6.6079,0.6069,1790930332
1790671307,GRAM,short,crypto,OPEN,False,6.6667,0.6327,1790930507
1790662166,DOGE,short,crypto,OPEN,False,0.8159,-1.0292,1790771400
1790663723,DOGE,short,crypto,OPEN,False,1.2282,-1.0298,1790771400
1790664307,DOGE,short,crypto,OPEN,False,1.4304,-1.0291,1790771400
1790665663,DOGE,short,crypto,OPEN,False,1.8864,-1.0363,1790771400
1790668352,DOGE,short,crypto,OPEN,False,1.3465,-1.0349,1790772300
1790670372,DOGE,short,crypto,OPEN,False,1.6805,-1.0386,1790771400
1790671132,DOGE,short,crypto,OPEN,False,1.3081,-1.0419,1790771400
1790671307,DOGE,short,crypto,OPEN,False,1.3719,-1.0323,1790771400
1790662166,PUMP,short,crypto,SL,False,-5.9216,-1.0169,1790681400
1790670372,PUMP,short,crypto,SL,False,-5.2948,-1.0189,1790681400
1790663723,LTC,long,crypto,OPEN,False,-2.165,0.1422,1790922923
1790668352,LTC,long,crypto,SL,False,-2.9162,-1.0343,1790703900
1790671132,LTC,long,crypto,NOFILL,False,0.0,,1790714332
1790671307,LTC,long,crypto,NOFILL,False,0.0,,1790714507
1790663723,AAVE,short,crypto,SL,False,-3.3261,-1.0301,1790667000
1790664307,AAVE,long,crypto,TP,True,8.096,1.816,1790678700
1790665663,AAVE,long,crypto,TP,True,7.7306,1.5864,1790678700
1790670372,AAVE,short,crypto,SL,False,-3.0416,-1.0329,1790684100
1790671132,AAVE,long,crypto,NOFILL,False,0.0,,1790714332
1790671307,AAVE,long,crypto,NOFILL,False,0.0,,1790714507
1790663749,GUMUS_GR_TL,long,tradfi,OPEN,False,0.375,-1.0752,1790781300
1790664338,GUMUS_GR_TL,long,tradfi,OPEN,False,0.4864,-1.0704,1790781300
1790665663,GUMUS_GR_TL,long,tradfi,OPEN,False,0.8387,-1.0751,1790781300
1790668352,GUMUS_GR_TL,long,tradfi,OPEN,False,0.6564,-1.0742,1790781300
1790670372,GUMUS_GR_TL,long,tradfi,NOFILL,False,0.0,,1790713572
1790671132,GUMUS_GR_TL,long,tradfi,NOFILL,False,0.0,,1790714332
1790671307,GUMUS_GR_TL,long,tradfi,NOFILL,False,0.0,,1790714507
1790663749,ALTIN_GR_USD,long,tradfi,OPEN,False,0.9292,0.6636,1790922949
1790664338,ALTIN_GR_USD,long,tradfi,OPEN,False,1.1353,0.7003,1790923538
1790665663,ALTIN_GR_USD,long,tradfi,OPEN,False,1.2871,0.9711,1790924863
1790668352,ALTIN_GR_USD,long,tradfi,OPEN,False,1.195,0.8147,1790927552
1790670372,ALTIN_GR_USD,long,tradfi,NOFILL,False,0.0,,1790713572
1790671132,ALTIN_GR_USD,long,tradfi,NOFILL,False,0.0,,1790714332
1790671307,ALTIN_GR_USD,long,tradfi,NOFILL,False,0.0,,1790714507
1790663749,GUMUS_GR_USD,short,tradfi,OPEN,False,-0.3432,-0.1081,1790922949
1790664338,GUMUS_GR_USD,long,tradfi,OPEN,False,0.4487,-1.0695,1790790300
1790665663,GUMUS_GR_USD,short,tradfi,OPEN,False,-0.8252,-0.1483,1790924863
1790668352,GUMUS_GR_USD,long,tradfi,OPEN,False,0.6205,-1.0732,1790790300
1790670372,GUMUS_GR_USD,short,tradfi,NOFILL,False,0.0,,1790713572
1790671132,GUMUS_GR_USD,short,tradfi,NOFILL,False,0.0,,1790714332
1790671307,GUMUS_GR_USD,short,tradfi,NOFILL,False,0.0,,1790714507
1790663749,ALTIN_ONS,long,tradfi,OPEN,False,0.9292,0.6636,1790922949
1790664338,ALTIN_ONS,long,tradfi,OPEN,False,1.1353,0.7003,1790923538
1790665663,ALTIN_ONS,long,tradfi,OPEN,False,1.2871,0.9711,1790924863
1790668352,ALTIN_ONS,long,tradfi,OPEN,False,1.195,0.8147,1790927552
1790670372,ALTIN_ONS,long,tradfi,NOFILL,False,0.0,,1790713572
1790671132,ALTIN_ONS,long,tradfi,NOFILL,False,0.0,,1790714332
1790671307,ALTIN_ONS,long,tradfi,NOFILL,False,0.0,,1790714507
1790663749,BIST100,long,tradfi,OPEN,False,-2.1943,-1.0377,1790750700
1790664338,BIST100,long,tradfi,SL,False,-2.6495,-1.0377,1790750700
1790665663,BIST100,long,tradfi,SL,False,-2.6495,-1.0377,1790750700
1790668352,BIST100,long,tradfi,SL,False,-2.027,-1.0493,1790750700
1790670372,BIST100,long,tradfi,NOFILL,False,0.0,,1790713572
1790671132,BIST100,long,tradfi,NOFILL,False,0.0,,1790714332
1790671307,BIST100,long,tradfi,NOFILL,False,0.0,,1790714507
1790663749,BIST30,long,tradfi,OPEN,False,-2.2034,-1.0291,1790751600
1790664338,BIST30,long,tradfi,OPEN,False,-2.8508,-1.0291,1790751600
1790665663,BIST30,long,tradfi,SL,False,-3.438,-1.0291,1790751600
1790668352,BIST30,long,tradfi,SL,False,-3.0048,-1.0333,1790751600
1790670372,BIST30,long,tradfi,SL,False,-1.5191,-1.0658,1790751600
1790671132,BIST30,long,tradfi,SL,False,-1.5191,-1.0658,1790751600
1790671307,BIST30,long,tradfi,SL,False,-1.5191,-1.0658,1790751600
1790663749,BRSAN,long,bist,OPEN,False,-0.7698,-1.0374,1790751600
1790664338,BRSAN,long,bist,OPEN,False,-1.6166,-1.0374,1790751600
1790665663,BRSAN,long,bist,SL,False,-2.6721,-1.0374,1790751600
1790668352,BRSAN,long,bist,SL,False,-2.6808,-1.0373,1790751600
1790670372,BRSAN,long,bist,NOFILL,False,0.0,,1790713572
1790671132,BRSAN,long,bist,SL,False,-2.6808,-1.0373,1790751600
1790671307,BRSAN,long,bist,SL,False,-2.9048,-1.0344,1790751600
1790663749,YEOTK,long,bist,OPEN,False,1.355,-1.0148,1790756100
1790664338,YEOTK,long,bist,OPEN,False,-0.1355,-1.0148,1790756100
1790665663,YEOTK,long,bist,OPEN,False,-3.252,-1.0148,1790756100
1790668352,YEOTK,long,bist,OPEN,False,-3.8775,-1.0212,1790756100
1790670372,YEOTK,long,bist,NOFILL,False,0.0,,1790713572
1790671132,YEOTK,long,bist,SL,False,-5.1312,-1.0195,1790756100
1790671307,YEOTK,long,bist,NOFILL,False,0.0,,1790714507
1790663749,CWENE,long,bist,SL,False,-5.4362,-1.0184,1790664300
1790664338,CWENE,long,bist,SL,False,-5.4362,-1.0184,1790665200
1790665663,CWENE,long,bist,SL,False,-5.4362,-1.0184,1790666100
1790663749,TURSG,long,bist,OPEN,False,-2.2968,-1.034,1790751600
1790664338,TURSG,long,bist,OPEN,False,-1.7668,-1.034,1790751600
1790665663,TURSG,long,bist,SL,False,-2.941,-1.034,1790751600
1790663749,AKFYE,long,bist,OPEN,False,-2.9586,1.0216,1790922949
1790664338,AKFYE,long,bist,OPEN,False,-3.5503,1.2103,1790923538
1790665663,AKFYE,long,bist,OPEN,False,-2.6627,1.3046,1790924863
1790668352,AKFYE,long,bist,OPEN,False,0.3012,1.5698,1790927552
1790663749,ENJSA,long,bist,OPEN,False,-0.2806,0.7574,1790767800
1790664338,ENJSA,long,bist,OPEN,False,0.8419,0.7619,1790767800
1790665663,ENJSA,long,bist,OPEN,False,2.2451,0.7619,1790767800
1790663749,ALARK,long,bist,OPEN,False,-2.8902,-1.0263,1790751600
1790664338,ALARK,long,bist,OPEN,False,-3.4682,-1.0263,1790751600
1790665663,ALARK,long,bist,SL,False,-3.8054,-1.0263,1790751600
1790663749,EUPWR,long,bist,OPEN,False,-0.6318,-1.0154,1790753400
1790664338,EUPWR,long,bist,OPEN,False,-0.8123,-1.0154,1790753400
1790665663,EUPWR,long,bist,OPEN,False,-2.7076,-1.0154,1790753400
1790668352,EUPWR,long,bist,OPEN,False,-6.568,-1.0087,1790837100
1790671132,EUPWR,long,bist,NOFILL,False,0.0,,1790714332
1790663749,GESAN,long,bist,OPEN,False,0.1861,-1.0168,1790754300
1790664338,GESAN,long,bist,OPEN,False,0.0465,-1.0168,1790754300
1790665663,GESAN,long,bist,OPEN,False,-1.7217,-1.0168,1790754300
1790663749,AKSEN,long,bist,TP,False,5.1558,0.6153,1790767800
1790664338,AKSEN,long,bist,TP,False,5.1558,0.6153,1790767800
1790665663,AKSEN,long,bist,TP,False,5.1558,0.6153,1790767800
1790663749,TTKOM,short,bist,OPEN,False,1.4953,1.2766,1790922949
1790664338,TTKOM,short,bist,OPEN,False,1.3084,1.3624,1790923538
1790665663,TTKOM,short,bist,OPEN,False,1.9626,1.2122,1790924863
1790668352,TTKOM,short,bist,TP,False,1.0728,1.1613,1790779500
1790663749,MIATK,short,bist,TP,False,7.4919,0.4123,1790681400
1790664338,MIATK,short,bist,TP,False,7.4919,0.4123,1790681400
1790665663,MIATK,short,bist,TP,False,7.4919,0.4123,1790681400
1790670372,MIATK,short,bist,NOFILL,False,0.0,,1790713572
1790671132,MIATK,short,bist,NOFILL,False,0.0,,1790714332
1790671307,MIATK,short,bist,NOFILL,False,0.0,,1790714507
1790663749,MAVI,short,bist,SL,False,-2.6978,-1.0371,1790665200
1790664338,MAVI,short,bist,SL,False,-2.6978,-1.0371,1790665200
1790665663,MAVI,short,bist,OPEN,False,0.4815,-0.2354,1790924863
1790663749,CANTE,short,bist,OPEN,False,2.8846,0.2169,1790776800
1790664338,CANTE,short,bist,OPEN,False,2.8846,0.2169,1790776800
1790665663,CANTE,short,bist,OPEN,False,5.7692,0.2169,1790776800
1790668352,CANTE,short,bist,OPEN,False,1.0,-0.3923,1790927552
1790670372,CANTE,short,bist,NOFILL,False,0.0,,1790713572
1790671132,CANTE,short,bist,NOFILL,False,0.0,,1790714332
1790671307,CANTE,short,bist,NOFILL,False,0.0,,1790714507
1790663749,FROTO,short,bist,OPEN,False,0.4011,-1.0385,1790857800
1790664338,FROTO,short,bist,OPEN,False,0.5348,-1.0385,1790857800
1790665663,FROTO,short,bist,OPEN,False,0.2674,-1.0385,1790857800
1790668352,FROTO,long,bist,SL,False,-2.1777,-1.0459,1790751600
1790663749,GSRAY,short,bist,OPEN,False,1.2346,-0.0953,1790922949
1790664338,GSRAY,short,bist,OPEN,False,1.2346,-0.0953,1790923538
1790665663,GSRAY,short,bist,OPEN,False,2.4691,-0.1411,1790924863
1790671132,GSRAY,short,bist,NOFILL,False,0.0,,1790714332
1790671307,GSRAY,short,bist,NOFILL,False,0.0,,1790714507
1790663749,ISMEN,short,bist,OPEN,False,0.4507,0.396,1790922949
1790664338,ISMEN,short,bist,OPEN,False,1.159,0.3409,1790923538
1790665663,ISMEN,short,bist,OPEN,False,1.9317,0.4561,1790924863
1790670372,ISMEN,short,bist,NOFILL,False,0.0,,1790713572
1790671132,ISMEN,short,bist,NOFILL,False,0.0,,1790714332
1790671307,ISMEN,short,bist,NOFILL,False,0.0,,1790714507
1790663749,SASA,short,bist,OPEN,False,-0.0,-0.0947,1790922949
1790664338,SASA,short,bist,OPEN,False,-0.5319,-0.0947,1790923538
1790665663,SASA,short,bist,OPEN,False,1.0638,-0.1399,1790924863
1790668352,SASA,short,bist,OPEN,False,-1.6129,-0.1121,1790927552
1790670372,SASA,short,bist,NOFILL,False,0.0,,1790713572
1790671132,SASA,short,bist,NOFILL,False,0.0,,1790714332
1790671307,SASA,short,bist,NOFILL,False,0.0,,1790714507
1790663749,TSKB,short,bist,OPEN,False,0.3992,0.1513,1790922949
1790664338,TSKB,short,bist,OPEN,False,0.2994,0.104,1790923538
1790665663,TSKB,short,bist,OPEN,False,0.5988,0.1418,1790924863
1790670372,TSKB,short,bist,NOFILL,False,0.0,,1790713572
1790671132,TSKB,short,bist,NOFILL,False,0.0,,1790714332
1790671307,TSKB,short,bist,NOFILL,False,0.0,,1790714507
1790663749,VESTL,short,bist,OPEN,False,1.2118,0.3357,1790922949
1790668352,VESTL,short,bist,OPEN,False,2.935,0.4245,1790927552
1790670372,VESTL,short,bist,NOFILL,False,0.0,,1790713572
1790671132,VESTL,short,bist,NOFILL,False,0.0,,1790714332
1790671307,VESTL,short,bist,NOFILL,False,0.0,,1790714507
1790664307,AVAX,long,crypto,TP,True,8.8105,1.4056,1790682300
1790668352,AVAX,long,crypto,TP,False,4.1766,0.4794,1790694000
1790671132,AVAX,short,crypto,SL,False,-4.7358,-1.0211,1790682300
1790671307,AVAX,short,crypto,SL,False,-4.3649,-1.0229,1790682300
1790664338,EKGYO,short,bist,OPEN,False,0.5291,-0.2467,1790923538
1790665663,EKGYO,short,bist,OPEN,False,0.3175,-0.1845,1790924863
1790668352,EKGYO,long,bist,OPEN,False,-0.6846,-1.0379,1790766000
1790670372,EKGYO,long,bist,OPEN,False,-0.528,-1.0414,1790766000
1790671132,EKGYO,long,bist,OPEN,False,-0.792,-1.0414,1790766000
1790665663,XRP,long,crypto,TP,False,2.3455,0.4281,1790699400
1790668352,XRP,long,crypto,TP,False,2.2132,0.3671,1790694900
1790671132,XRP,long,crypto,NOFILL,False,0.0,,1790714332
1790665663,XPL,short,crypto,OPEN,False,6.1377,0.7371,1790924863
1790668352,XPL,short,crypto,OPEN,False,4.8035,0.7363,1790927552
1790670372,XPL,short,crypto,TP,False,2.9234,0.2136,1790681400
1790671132,XPL,short,crypto,NOFILL,False,0.0,,1790714332
1790668352,ANSGR,long,bist,OPEN,False,0.0,0.0852,1790927552
1790670372,ANSGR,long,bist,OPEN,False,0.7514,0.8435,1790929800
1790671132,ANSGR,long,bist,OPEN,False,0.3336,0.6215,1790930332
1790671307,ANSGR,long,bist,OPEN,False,0.5012,0.7511,1790930507
1790668352,KCAER,long,bist,OPEN,False,1.3838,-0.3055,1790927552
1790670372,KCAER,long,bist,OPEN,False,-0.277,-0.2554,1790929572
1790671132,KCAER,long,bist,OPEN,False,0.4617,-0.3116,1790930332
1790668352,SELEC,long,bist,SL,False,-6.7614,-1.0148,1790750700
1790670372,SELEC,long,bist,SL,False,-6.7614,-1.0148,1790750700
1790671132,SELEC,long,bist,SL,False,-6.7614,-1.0148,1790750700
1790671307,SELEC,long,bist,SL,False,-6.7614,-1.0148,1790750700
1790668352,ENERY,long,bist,OPEN,False,1.6884,1.3185,1790927552
1790668352,MGROS,short,bist,TP,False,1.7925,1.6586,1790775000
1790671132,MGROS,short,bist,TP,False,1.6068,1.3738,1790775000
1790671307,MGROS,short,bist,TP,False,1.5137,1.2604,1790775000
1790668352,TAVHL,short,bist,TP,False,1.6985,1.3769,1790776800
1790668352,GRTHO,short,bist,OPEN,False,1.1336,0.2077,1790851500
1790668352,ALTNY,short,bist,OPEN,False,-2.3392,-1.0183,1790759700
1790670372,ALTNY,short,bist,NOFILL,False,0.0,,1790713572
1790671132,ALTNY,short,bist,NOFILL,False,0.0,,1790714332
1790671307,ALTNY,short,bist,NOFILL,False,0.0,,1790714507
1790668352,ALFAS,short,bist,OPEN,False,2.9799,-1.013,1790923500
1790668352,CIMSA,short,bist,OPEN,False,-1.4905,1.0484,1790843400
1790670372,NEAR,long,crypto,TP,False,2.94,0.2282,1790703900
1790670372,TUPRS,long,bist,SL,False,-2.2982,-1.0435,1790772300
1790671132,TUPRS,long,bist,SL,False,-2.2982,-1.0435,1790772300
1790671307,TUPRS,long,bist,SL,False,-2.2982,-1.0435,1790772300
1790670372,ASTOR,long,bist,NOFILL,False,0.0,,1790713572
1790671132,ASTOR,long,bist,NOFILL,False,0.0,,1790714332
1790671307,ASTOR,long,bist,NOFILL,False,0.0,,1790714507
1790670372,TKFEN,long,bist,NOFILL,False,0.0,,1790713572
1790671307,TKFEN,long,bist,NOFILL,False,0.0,,1790714507
1790670372,PETKM,long,bist,OPEN,False,-3.3898,-1.0225,1790762400
1790671307,PETKM,long,bist,OPEN,False,-3.3467,-1.0235,1790762400
1790670372,CVKMD,short,bist,OPEN,False,0.1739,0.1858,1790934300
1790670372,SAHOL,short,bist,TP,False,3.0298,1.3253,1790941500
1790671132,SAHOL,short,bist,TP,False,3.0298,1.3253,1790941500
1790671307,SAHOL,short,bist,TP,False,3.0298,1.3253,1790941500
1790670372,GRSEL,short,bist,NOFILL,False,0.0,,1790713572
1790671132,TRALT,long,bist,OPEN,False,-0.4846,-1.0352,1790839800
1790671307,TRALT,long,bist,OPEN,False,-0.4846,-1.0352,1790839800
1790671307,HALKB,long,bist,NOFILL,False,0.0,,1790714507
