ts,symbol,side,signal,score,rr,entry,sl,tp1,tp2,market
1790660810,CRCLB,long,AL,66.6,1.7135447705738005,85.24,83.23246564252413,88.67999999999999,90.16999999999999,crypto
1790660810,UNI,long,BEKLE,60.9,0.7847210923970206,8.634,8.17421880704405,8.9948,9.374666666666664,crypto
1790660810,DASH,long,BEKLE,60.4,1.3039530008094995,59.81,55.61793939919113,65.27625,73.29,crypto
1790660810,SOL,long,BEKLE,58.3,0.8954513083312857,117.84,115.48364630397148,119.95,122.0225,crypto
1790660810,FET,long,BEKLE,58.3,1.1249719624760333,0.2209,0.210144176385189,0.233,0.23793333333333333,crypto
1790660810,TRX,long,BEKLE,58.1,2.0643713126517222,0.3343,0.3323946580156256,0.33823333333333333,0.3391,crypto
1790660810,NMR,long,BEKLE,58.1,0.31475943757997193,14.1,9.652158782707515,15.5,17.347444260523694,crypto
1790660810,SPCXB,long,BEKLE,57.7,0.4356180982102123,145.71,144.34182911259035,146.30599999999998,147.19333333333333,crypto
1790660810,ETH,long,BEKLE,57.2,1.014993688562348,2666.79,2632.897068941643,2701.1911111111112,2719.3675000000003,crypto
1790660810,BTC,long,BEKLE,56.5,0.6372976564371216,83254.9,82403.71610732311,83797.3575,84303.88333333335,crypto
1790660810,SUI,short,BEKLE,43.0,1.0296862830074467,1.1197,1.1799448865805513,1.0576666666666668,0.9848666666666667,crypto
1790660810,ALGO,short,BEKLE,45.1,1.7899459547029792,0.1361,0.14566034452048002,0.1189875,0.11464999999999999,crypto
1790660810,HBAR,short,BEKLE,46.9,1.2570461272080833,0.11905,0.13348861096832731,0.1009,0.09611166666666666,crypto
1790660810,SEI,short,BEKLE,50.8,2.5121401414394238,0.07392,0.07844602138409569,0.06255,0.06,crypto
1790660810,BABY,short,BEKLE,51.8,0.8274125249049973,0.01325,0.013945692877100322,0.012674375,0.012173333333333333,crypto
1790660810,LINK,short,BEKLE,52.2,2.2247740650802186,14.786,15.48022779788846,13.2415,12.774333333333333,crypto
1790660810,ENA,short,BEKLE,52.2,1.8651351474135034,0.2512,0.2677564409865007,0.22032,0.19836666666666666,crypto
1790660810,XLM,short,BEKLE,54.1,0.5738098947125464,0.2237,0.23159211108121455,0.21917142857142857,0.2140571428571429,crypto
1790660810,MUBARAK,short,BEKLE,56.5,1.4053068782777234,0.06178,0.0695410569159338,0.05087333333333333,0.04188333333333333,crypto
1790660810,BNB,short,BEKLE,56.7,1.3043273689135997,757.48,766.7031446542596,745.45,740.58,crypto
1790662166,FET,long,BEKLE,63.1,0.7714283626078644,0.223,0.21003703352804615,0.233,0.23793333333333333,crypto
1790662166,CRCLB,long,BEKLE,61.9,1.5159179142312205,86.1,84.39806088061937,88.67999999999999,90.16999999999999,crypto
1790662166,UNI,long,BEKLE,60.6,0.6880392649421538,8.718,8.31569737847262,8.9948,9.3616,crypto
1790662166,ARB,long,BEKLE,59.5,0.5075412782989719,0.2001,0.18184204333148232,0.2093666666666667,0.21615714285714285,crypto
1790662166,TRX,long,BEKLE,58.2,2.3887568743189105,0.3347,0.33322084849181616,0.33823333333333333,0.3391,crypto
1790662166,SPCXB,long,BEKLE,57.2,0.6478706610711924,146.07,144.33611482687607,147.19333333333333,148.56,crypto
1790662166,WLD,long,BEKLE,56.8,0.7704687790683886,0.4857,0.45201920630012105,0.51165,0.5507500000000001,crypto
1790662166,BNB,long,BEKLE,56.0,0.6761884900935435,761.09,748.8325696314547,769.3783333333334,783.0142857142857,crypto
1790662166,DASH,long,BEKLE,55.6,1.074980643183059,60.27,55.612939399191134,65.27625,73.29,crypto
1790662166,QNT,long,BEKLE,52.5,0.23914849380939424,239.7,162.34220566346178,258.2,290.0,crypto
1790662166,SUI,short,BEKLE,44.9,1.3003220767832178,1.1268,1.1799663151519797,1.0576666666666668,0.9848666666666667,crypto
1790662166,BABY,short,BEKLE,47.7,1.2286722377772328,0.01332,0.01384546560437305,0.012674375,0.012062,crypto
1790662166,SEI,short,BEKLE,48.5,3.1117261920717345,0.07458,0.07844602138409569,0.06255,0.06,crypto
1790662166,ADA,short,BEKLE,49.0,0.8527011240488072,0.2467,0.2549092069572543,0.2397,0.23479090909090908,crypto
1790662166,ONDO,short,BEKLE,49.8,1.6191565440113973,0.5139,0.5560412825002627,0.44566666666666666,0.41829999999999995,crypto
1790662166,HBAR,short,BEKLE,50.6,1.3720455469229278,0.11975,0.13348861096832731,0.1009,0.09611166666666666,crypto
1790662166,GRAM,short,BEKLE,50.6,1.704103181193673,1.562,1.638370291763493,1.4318571428571427,1.3776,crypto
1790662166,LINK,short,BEKLE,51.7,1.8606775454056113,14.947,15.485513512174174,13.945,13.2415,crypto
1790662166,DOGE,short,BEKLE,52.6,1.035637312869173,0.09437,0.09760150452873788,0.09102333333333333,0.0898,crypto
1790662166,PUMP,short,BEKLE,53.7,0.9090340886327624,0.004949,0.005242058316878612,0.0046826,0.004471571428571429,crypto
1790663723,SPCXB,long,AL,69.2,0.6615388718981833,146.38,145.15054339830462,147.19333333333333,148.56,crypto
1790663723,UNI,long,BEKLE,60.2,0.6600006575437627,8.724,8.313697378472622,8.9948,9.374666666666664,crypto
1790663723,CRCLB,long,BEKLE,59.5,1.1025486003827194,86.42,84.37020373776222,88.67999999999999,90.16999999999999,crypto
1790663723,ARB,long,BEKLE,58.0,0.4200167080532303,0.2012,0.18175632904576805,0.2093666666666667,0.21615714285714285,crypto
1790663723,TRX,long,BEKLE,57.3,2.154671225774646,0.3348,0.33320656277753047,0.33823333333333333,0.3391,crypto
1790663723,DASH,long,BEKLE,55.6,1.025816626625013,60.37,55.58722511347685,65.27625,73.29,crypto
1790663723,WLD,long,BEKLE,55.4,0.6708091849371158,0.4876,0.4517477777286925,0.51165,0.5507500000000001,crypto
1790663723,QNT,long,BEKLE,52.5,0.4460917980106419,250.62,162.34220566346178,290.0,373.0,crypto
1790663723,LTC,long,BEKLE,52.5,0.14453149307770843,68.36,57.18596473882908,69.975,72.55666666666667,crypto
1790663723,BNB,long,BEKLE,50.7,0.44067785492627837,763.04,748.6568553457404,769.3783333333334,783.0142857142857,crypto
1790663723,HBAR,short,BEKLE,38.8,2.9754065733192454,0.11742,0.12297218239689876,0.1009,0.09611166666666666,crypto
1790663723,GRAM,short,BEKLE,44.4,2.152216603845172,1.574,1.6385845774777787,1.4349999999999998,1.3776,crypto
1790663723,ADA,short,BEKLE,47.5,1.069333646385093,0.2476,0.2549877783858257,0.2397,0.23479090909090908,crypto
1790663723,SEI,short,BEKLE,47.8,3.31394327987908,0.07477,0.07845744995552426,0.06255,0.06,crypto
1790663723,ONDO,short,BEKLE,49.1,1.7222205971699742,0.5155,0.5560484253574056,0.44566666666666666,0.41829999999999995,crypto
1790663723,LINK,short,BEKLE,50.8,2.0197790387588967,14.978,15.489442083602745,13.945,13.2415,crypto
1790663723,DOGE,short,BEKLE,52.1,1.0802113180387447,0.09445,0.09762221881445217,0.09102333333333333,0.0898,crypto
1790663723,NMR,short,BEKLE,53.4,2.2137582136667033,12.96,14.208555503006771,10.196000000000002,9.26780487804878,crypto
1790663723,AAVE,short,BEKLE,54.3,0.727958370377093,155.6,160.7754333122763,151.8325,147.66400000000002,crypto
1790663723,ETH,short,BEKLE,55.7,0.77281340522887,2696.55,2736.052851693278,2666.021666666667,2635.54,crypto
1790663749,ALTIN_GR_TL,long,BEKLE,57.5,1.6789977573598638,6578.025048937037,6496.349480431799,6715.158145288425,6850.956476567671,tradfi
1790663749,GUMUS_GR_TL,long,BEKLE,55.6,1.6087964752603643,96.40113562609892,95.11905876366012,98.46373636340333,100.57251530265683,tradfi
1790663749,ALTIN_GR_USD,long,BEKLE,56.0,2.299091811143685,134.25187872606256,132.77795745883947,137.6405590418057,139.17977734199596,tradfi
1790663749,GUMUS_GR_USD,short,BEKLE,45.6,0.47584419135745626,1.9674649264555601,2.048121443896715,1.9290849911360652,1.9147377217062687,tradfi
1790663749,ALTIN_ONS,long,BEKLE,56.0,2.299091811143678,4175.7001953125,4129.8561193724,4281.099934895833,4328.9749755859375,tradfi
1790663749,BIST100,long,BEKLE,51.9,3.1306357913177827,12575.349609375,12242.163869271411,13618.4328125,13955.633355034723,tradfi
1790663749,BIST30,long,BEKLE,41.7,0.3731329260810403,15622.08984375,15084.994713312115,15822.497721354166,16205.074435763889,tradfi
1790663749,BRSAN,long,AL,78.1,1.5629436636530847,649.5,632.1449278814052,676.625,710.2,bist
1790663749,YEOTK,long,AL,68.6,1.990798319484147,29.520000457763672,27.524821277503925,33.491999816894534,34.33142852783203,bist
1790663749,CWENE,long,AL,68.1,4.25923483818902,22.280000686645508,21.068821579607924,27.438696934626652,29.788888507419163,bist
1790663749,TURSG,long,AL,65.7,1.9344128077699119,5.659999847412109,5.49354105153901,5.98199987411499,6.144772724671797,bist
1790663749,AKFYE,long,AL,65.0,1.6010908246148856,3.380000114440918,3.1679652386385335,3.7194872085864725,3.8606666326522827,bist
1790663749,ENJSA,long,BEKLE,63.5,1.6009393022167124,106.9000015258789,104.41534991170889,110.87777794731988,112.38333257039388,bist
1790663749,ALARK,long,BEKLE,62.5,1.5804784647470245,103.80000305175781,99.85002545553414,110.04285757882255,115.55000114440918,bist
1790663749,EUPWR,long,BEKLE,61.2,4.31979960850093,55.400001525878906,51.80801427020794,70.91666666666667,74.84090770374645,bist
1790663749,GESAN,long,BEKLE,58.8,1.5299608455817615,42.97999954223633,40.42505463556265,46.8889652120656,51.51285743713379,bist
1790663749,AKSEN,long,BEKLE,57.9,1.2803515246711747,71.4000015258789,68.52481635973707,75.08124923706055,78.23749923706055,bist
1790663749,TTKOM,short,SAT,32.2,1.787119623358615,53.5,54.66574923474794,51.416666666666664,50.599998474121094,bist
1790663749,MIATK,short,BEKLE,41.2,0.8472313641532394,24.559999465942383,26.731778262227724,22.720000353726473,20.520000457763672,bist
1790663749,MAVI,short,BEKLE,42.8,1.4824753541780438,37.380001068115234,38.38845010237409,35.885000228881836,33.29999923706055,bist
1790663749,CANTE,short,BEKLE,43.8,0.44460058517106954,1.0399999618530273,1.2328764991112586,0.9542469405222481,0.8899321745241637,bist
1790663749,FROTO,short,BEKLE,43.8,1.416758173876589,74.80000305175781,76.74105414340272,72.05000305175781,69.96631568607876,bist
1790663749,GSRAY,short,BEKLE,43.8,0.23227608459650115,0.8100000023841858,1.0282933338260896,0.7592956820633341,0.7212674418226953,bist
1790663749,ISMEN,short,BEKLE,43.8,0.6228106739228074,31.059999465942383,33.056821438983505,29.81635742720877,28.883625898158567,bist
1790663749,SASA,short,BEKLE,43.8,0.3825140578510785,1.8799999952316284,2.32228182888144,1.7108209763284232,1.583936712151019,bist
1790663749,TSKB,short,BEKLE,43.8,0.3999237269697673,10.020000457763672,11.077449457210905,9.597101512824283,9.279927304119742,bist
1790663749,VESTL,short,BEKLE,43.8,0.4209471074864677,18.979999542236328,22.421484945106716,17.531316216441137,16.444803722094747,bist
1790664307,SPCXB,long,AL,66.6,0.5108128729381597,146.5,145.14268625544747,147.19333333333333,148.56,crypto
1790664307,UNI,long,BEKLE,60.6,0.6846356794677758,8.718,8.313697378472622,8.9948,9.374666666666664,crypto
1790664307,ARB,long,BEKLE,58.6,0.45749668517814984,0.2007,0.18175632904576805,0.2093666666666667,0.21615714285714285,crypto
1790664307,TRX,long,BEKLE,56.4,1.9683831730546342,0.3349,0.33320656277753047,0.33823333333333333,0.3391,crypto
1790664307,WLD,long,BEKLE,55.7,0.6849079591756423,0.4873,0.4517477777286925,0.51165,0.5507500000000001,crypto
1790664307,DASH,long,BEKLE,55.6,1.021589812984501,60.38,55.58722511347685,65.27625,73.29,crypto
1790664307,AAVE,long,BEKLE,53.3,0.9416042975025689,156.25,151.66420954486648,160.56799999999998,168.89999999999998,crypto
1790664307,QNT,long,BEKLE,52.5,0.45432902821755705,250.12,162.34220566346178,290.0,373.0,crypto
1790664307,AVAX,long,BEKLE,49.9,1.0107818407562732,10.881,10.360610753981844,11.407000000000002,11.839666666666666,crypto
1790664307,BNB,long,BEKLE,49.5,0.39980243870888527,763.46,748.6568553457404,769.3783333333334,783.0142857142857,crypto
1790664307,GRAM,short,BEKLE,44.4,2.152216603845172,1.574,1.6385845774777787,1.4349999999999998,1.3776,crypto
1790664307,ADA,short,BEKLE,47.8,1.0147897854244075,0.2474,0.2549877783858257,0.2397,0.23479090909090908,crypto
1790664307,SEI,short,BEKLE,47.8,3.31394327987908,0.07477,0.07845744995552426,0.06255,0.06,crypto
1790664307,ONDO,short,BEKLE,48.0,1.8757578338432677,0.5178,0.5562555682145485,0.44566666666666666,0.41829999999999995,crypto
1790664307,MUBARAK,short,BEKLE,49.4,1.5020213346360836,0.06208,0.0695410569159338,0.05087333333333333,0.04188333333333333,crypto
1790664307,LINK,short,BEKLE,50.2,2.1727429927028705,15.003,15.489942083602745,13.945,13.2415,crypto
1790664307,HBAR,short,BEKLE,50.6,1.089184948200248,0.11791,0.13352718239689876,0.1009,0.09611166666666666,crypto
1790664307,DOGE,short,BEKLE,52.5,1.0352992375790186,0.09438,0.09762221881445217,0.09102333333333333,0.0898,crypto
1790664307,NMR,short,BEKLE,53.8,2.1383506571051996,12.93,14.208555503006771,10.196000000000002,9.26780487804878,crypto
1790664307,ETH,short,BEKLE,54.3,0.8630897103804699,2698.48,2736.087137407564,2666.021666666667,2635.54,crypto
1790664338,ALTIN_GR_TL,long,BEKLE,61.5,1.7233272031953466,6576.896355682815,6496.666791993895,6715.158145288425,6850.956476567671,tradfi
1790664338,GUMUS_GR_TL,long,BEKLE,57.2,1.3986734214652166,96.54578578380183,95.17452173447694,98.46373636340333,100.57251530265683,tradfi
1790664338,ALTIN_GR_USD,long,BEKLE,56.1,2.3450758900954614,134.23580335277825,132.78392893651412,137.6405590418057,139.17977734199596,tradfi
1790664338,GUMUS_GR_USD,long,BEKLE,54.5,1.8215511650291372,1.9705192866260965,1.9421613079425832,2.0221747957349216,2.073053387338114,tradfi
1790664338,ALTIN_ONS,long,BEKLE,56.1,2.3450758900954627,4175.2001953125,4130.041853089715,4281.099934895833,4328.9749755859375,tradfi
1790664338,BIST100,long,BEKLE,51.9,3.1306357913177827,12575.349609375,12242.163869271411,13618.4328125,13955.633355034723,tradfi
1790664338,BIST30,long,BEKLE,41.7,0.3731329260810403,15622.08984375,15084.994713312115,15822.497721354166,16205.074435763889,tradfi
1790664338,BRSAN,long,AL,78.1,1.5629436636530847,649.5,632.1449278814052,676.625,710.2,bist
1790664338,YEOTK,long,AL,68.6,1.990798319484147,29.520000457763672,27.524821277503925,33.491999816894534,34.33142852783203,bist
1790664338,CWENE,long,AL,68.1,4.25923483818902,22.280000686645508,21.068821579607924,27.438696934626652,29.788888507419163,bist
1790664338,TURSG,long,AL,65.7,1.9344128548676711,5.659999847412109,5.493541055591835,5.98199987411499,6.144772724671797,bist
1790664338,AKFYE,long,AL,65.0,1.6010908246148856,3.380000114440918,3.1679652386385335,3.7194872085864725,3.8606666326522827,bist
1790664338,ENJSA,long,BEKLE,63.5,1.6098829637792769,106.9000015258789,104.41534991170889,110.8999998304579,112.38333257039388,bist
1790664338,ALARK,long,BEKLE,62.5,1.5804784647470245,103.80000305175781,99.85002545553414,110.04285757882255,115.55000114440918,bist
1790664338,EUPWR,long,BEKLE,61.2,4.31979960850093,55.400001525878906,51.80801427020794,70.91666666666667,74.84090770374645,bist
1790664338,GESAN,long,BEKLE,58.8,1.5299608455817615,42.97999954223633,40.42505463556265,46.8889652120656,51.51285743713379,bist
1790664338,AKSEN,long,BEKLE,57.9,1.2803515246711747,71.4000015258789,68.52481635973707,75.08124923706055,78.23749923706055,bist
1790664338,TTKOM,short,SAT,32.2,1.787119623358615,53.5,54.66574923474794,51.416666666666664,50.599998474121094,bist
1790664338,EKGYO,short,BEKLE,39.9,1.9423843678373203,18.899999618530273,19.381881420641143,17.963999938964843,17.514999389648438,bist
1790664338,MIATK,short,BEKLE,41.2,0.8472313641532394,24.559999465942383,26.731778262227724,22.720000353726473,20.520000457763672,bist
1790664338,MAVI,short,BEKLE,42.8,1.4824753541780438,37.380001068115234,38.38845010237409,35.885000228881836,33.29999923706055,bist
1790664338,CANTE,short,BEKLE,43.8,0.44460058517106954,1.0399999618530273,1.2328764991112586,0.9542469405222481,0.8899321745241637,bist
1790664338,FROTO,short,BEKLE,43.8,1.416758173876589,74.80000305175781,76.74105414340272,72.05000305175781,69.96631568607876,bist
1790664338,GSRAY,short,BEKLE,43.8,0.23227608459650115,0.8100000023841858,1.0282933338260896,0.7592956820633341,0.7212674418226953,bist
1790664338,ISMEN,short,BEKLE,43.8,0.6228106739228074,31.059999465942383,33.056821438983505,29.81635742720877,28.883625898158567,bist
1790664338,SASA,short,BEKLE,43.8,0.3825140578510785,1.8799999952316284,2.32228182888144,1.7108209763284232,1.583936712151019,bist
1790664338,TSKB,short,BEKLE,43.8,0.3999237269697673,10.020000457763672,11.077449457210905,9.597101512824283,9.279927304119742,bist
