sent_at,period,title,total,tp,sl,open,accuracy,acc_crypto,acc_tradfi,acc_bist,acct_trades,acct_expectancy_r,acct_equity
2026-09-29 10:09,daily,Günlük Sonuç — 29.09.2026,181,3,1,177,75.0,75.0,,,0,,1000
2026-09-30 00:20,daily,Günlük Sonuç — 30.09.2026,432,55,46,331,54.5,52.9,,64.3,0,,1000
2026-09-30 00:20,monthly,Aylık Sonuç — 09.2026,432,55,46,331,54.5,52.9,,64.3,0,,1000
2026-09-30 00:20,3m,3 Aylık Sonuç — 07.2026 – 09.2026,432,55,46,331,54.5,52.9,,64.3,0,,1000
2026-09-30 00:20,9m,9 Aylık Sonuç — 01.2026 – 09.2026,432,55,46,331,54.5,52.9,,64.3,0,,1000
2026-10-01 00:21,daily,Günlük Sonuç — 01.10.2026,59,6,13,40,31.6,50.0,33.3,12.5,0,,1000
2026-10-02 00:43,daily,Günlük Sonuç — 02.10.2026,59,7,6,46,53.8,44.4,,75.0,0,,1000
2026-10-03 00:15,daily,Günlük Sonuç — 03.10.2026,48,6,10,32,37.5,22.2,75.0,33.3,1,0.085,1000.85
2026-10-03 00:15,weekly,Haftalık Sonuç — 26.09 – 03.10.2026,623,130,162,331,44.5,52.9,28.6,36.4,1,0.085,1000.85
2026-10-03 22:45,daily,Günlük Sonuç — 03.10.2026,56,2,4,50,33.3,33.3,,,3,0.349,1010.5
2026-10-03 22:45,weekly,Haftalık Sonuç — 26.09 – 03.10.2026,672,135,167,370,44.7,52.1,33.3,36.4,3,0.349,1010.5
2026-10-04 23:01,daily,Günlük Sonuç — 04.10.2026,61,4,7,50,36.4,36.4,,,3,0.349,1010.5
2026-10-06 02:06,daily,Günlük Sonuç — 06.10.2026,46,2,9,35,18.2,14.3,50.0,0.0,3,0.349,1010.5
